Function Name,Source File,Line,Samples,Hit Count
"(root)","",0,0,0
"(program)","",0,0,70
"(idle)","",0,0,7842
"","",0,0,23
"InjectedScript","",0,0,1
"evaluate","",0,0,0
"_promiseAwareJsonValueNoThrow","",0,0,0
"safeJson","",0,0,0
"jsonValue","",0,0,0
"serializeAsCallArgument","",0,0,0
"serialize","",0,0,0
"innerSerialize","",0,0,0
"isURL","",0,0,1
"parseEvaluationResultValue","",0,0,1
"fill","",0,0,0
"selectText","",0,0,0
"select","",0,0,3
"nrWrapper","https://assets-e2e.observe.ai/prod-4.0.0.1705/newRelic-v1.js",0,0,4
"r","https://assets-e2e.observe.ai/prod-4.0.0.1705/static/js/async/7742.33112bd3.js",0,0,1
"tH","https://assets-e2e.observe.ai/prod-4.0.0.1705/static/js/async/7987.7e86d784.js",0,0,0
"Q","https://assets-e2e.observe.ai/prod-4.0.0.1705/static/js/async/7987.7e86d784.js",0,0,0
"ln","https://assets-e2e.observe.ai/prod-4.0.0.1705/static/js/async/7987.7e86d784.js",0,0,0
"lr","https://assets-e2e.observe.ai/prod-4.0.0.1705/static/js/async/7987.7e86d784.js",0,0,0
"le","https://assets-e2e.observe.ai/prod-4.0.0.1705/static/js/async/7987.7e86d784.js",0,0,0
"t.unstable_runWithPriority","https://assets-e2e.observe.ai/prod-4.0.0.1705/static/js/async/7987.7e86d784.js",0,0,0
"aI","https://assets-e2e.observe.ai/prod-4.0.0.1705/static/js/async/7987.7e86d784.js",0,0,0
"aW","https://assets-e2e.observe.ai/prod-4.0.0.1705/static/js/async/7987.7e86d784.js",0,0,1
"aQ","https://assets-e2e.observe.ai/prod-4.0.0.1705/static/js/async/7987.7e86d784.js",0,0,0
"o","https://assets-e2e.observe.ai/prod-4.0.0.1705/static/js/async/7987.7e86d784.js",0,0,2
"c","https://assets-e2e.observe.ai/prod-4.0.0.1705/static/js/async/7987.7e86d784.js",0,0,1
"iA","https://assets-e2e.observe.ai/prod-4.0.0.1705/static/js/async/7987.7e86d784.js",0,0,0
"l4","https://assets-e2e.observe.ai/prod-4.0.0.1705/static/js/async/7987.7e86d784.js",0,0,2
"rh","https://assets-e2e.observe.ai/prod-4.0.0.1705/static/js/async/4836.a1b0f96e.js",0,0,0
"t.Z","https://assets-e2e.observe.ai/prod-4.0.0.1705/static/js/async/4836.a1b0f96e.js",0,0,7
"tj","https://assets-e2e.observe.ai/prod-4.0.0.1705/static/js/async/7987.7e86d784.js",0,0,0
"tK","https://assets-e2e.observe.ai/prod-4.0.0.1705/static/js/async/7987.7e86d784.js",0,0,0
"q","https://assets-e2e.observe.ai/prod-4.0.0.1705/static/js/async/7987.7e86d784.js",0,0,0
"B","https://assets-e2e.observe.ai/prod-4.0.0.1705/static/js/async/7987.7e86d784.js",0,0,0
"tc","https://assets-e2e.observe.ai/prod-4.0.0.1705/static/js/async/7987.7e86d784.js",0,0,0
"extractEvents","https://assets-e2e.observe.ai/prod-4.0.0.1705/static/js/async/7987.7e86d784.js",0,0,0
"nP","https://assets-e2e.observe.ai/prod-4.0.0.1705/static/js/async/7987.7e86d784.js",0,0,0
"n","https://assets-e2e.observe.ai/prod-4.0.0.1705/static/js/async/7987.7e86d784.js",0,0,1
"tr","https://assets-e2e.observe.ai/prod-4.0.0.1705/static/js/async/7987.7e86d784.js",0,0,0
"te","https://assets-e2e.observe.ai/prod-4.0.0.1705/static/js/async/7987.7e86d784.js",0,0,0
"tn","https://assets-e2e.observe.ai/prod-4.0.0.1705/static/js/async/7987.7e86d784.js",0,0,0
"E","https://assets-e2e.observe.ai/prod-4.0.0.1705/static/js/async/7987.7e86d784.js",0,0,1
"w","https://assets-e2e.observe.ai/prod-4.0.0.1705/static/js/async/7987.7e86d784.js",0,0,0
"m","https://assets-e2e.observe.ai/prod-4.0.0.1705/static/js/async/7987.7e86d784.js",0,0,6
"onChange","https://assets-e2e.observe.ai/prod-4.0.0.1705/static/js/async/5378.ab068b3c.js",0,0,0
"eC","https://assets-e2e.observe.ai/prod-4.0.0.1705/static/js/async/5378.ab068b3c.js",0,0,0
"a","https://assets-e2e.observe.ai/prod-4.0.0.1705/static/js/async/5378.ab068b3c.js",0,0,2
"t.<computed>","https://assets-e2e.observe.ai/prod-4.0.0.1705/static/js/async/4836.a1b0f96e.js",0,0,0
"E.<computed>","https://assets-e2e.observe.ai/prod-4.0.0.1705/static/js/async/5378.ab068b3c.js",0,0,0
"en","https://assets-e2e.observe.ai/prod-4.0.0.1705/static/js/async/5378.ab068b3c.js",0,0,0
"g","https://assets-e2e.observe.ai/prod-4.0.0.1705/static/js/async/5378.ab068b3c.js",0,0,1
"$","https://assets-e2e.observe.ai/prod-4.0.0.1705/static/js/async/7987.7e86d784.js",0,0,0
"H","https://assets-e2e.observe.ai/prod-4.0.0.1705/static/js/async/7987.7e86d784.js",0,0,0
"iF","https://assets-e2e.observe.ai/prod-4.0.0.1705/static/js/async/7987.7e86d784.js",0,0,1
"eS","https://assets-e2e.observe.ai/prod-4.0.0.1705/static/js/async/4836.a1b0f96e.js",0,0,0
"eb","https://assets-e2e.observe.ai/prod-4.0.0.1705/static/js/async/4836.a1b0f96e.js",0,0,0
"iu","https://assets-e2e.observe.ai/prod-4.0.0.1705/static/js/async/7987.7e86d784.js",0,0,0
"ii","https://assets-e2e.observe.ai/prod-4.0.0.1705/static/js/async/7987.7e86d784.js",0,0,1
"C","https://assets-e2e.observe.ai/prod-4.0.0.1705/static/js/async/1512.6f18a1ed.js",0,0,1
"d","https://assets-e2e.observe.ai/prod-4.0.0.1705/static/js/async/4836.a1b0f96e.js",0,0,1
"ki.yZ","https://www.gstatic.com/recaptcha/releases/44LqIOwVrGhp2lJ3fODa493O/recaptcha__en.js",0,0,1
"GY","https://www.gstatic.com/recaptcha/releases/44LqIOwVrGhp2lJ3fODa493O/recaptcha__en.js",0,0,2
"i","https://assets-e2e.observe.ai/prod-4.0.0.1705/newRelic-v1.js",0,0,7
"emit","https://assets-e2e.observe.ai/prod-4.0.0.1705/newRelic-v1.js",0,0,8
"setTimeout","",0,0,1
"U","https://www.gstatic.com/recaptcha/releases/44LqIOwVrGhp2lJ3fODa493O/recaptcha__en.js",0,0,0
"requestIdleCallback","",0,0,1
"onAppearEnd","https://assets-e2e.observe.ai/prod-4.0.0.1705/static/js/async/4836.a1b0f96e.js",0,0,0
"v","https://assets-e2e.observe.ai/prod-4.0.0.1705/static/js/async/4836.a1b0f96e.js",0,0,1
"e","https://assets-e2e.observe.ai/prod-4.0.0.1705/newRelic-v1.js",0,0,1
"l","https://assets-e2e.observe.ai/prod-4.0.0.1705/static/js/async/4836.a1b0f96e.js",0,0,0
"r.value","https://assets-e2e.observe.ai/prod-4.0.0.1705/static/js/async/4836.a1b0f96e.js",0,0,0
"p","https://assets-e2e.observe.ai/prod-4.0.0.1705/static/js/async/4836.a1b0f96e.js",0,0,0
"t.unmountComponentAtNode","https://assets-e2e.observe.ai/prod-4.0.0.1705/static/js/async/7987.7e86d784.js",0,0,0
"aR","https://assets-e2e.observe.ai/prod-4.0.0.1705/static/js/async/7987.7e86d784.js",0,0,0
"oc","https://assets-e2e.observe.ai/prod-4.0.0.1705/static/js/async/7987.7e86d784.js",0,0,0
"or","https://assets-e2e.observe.ai/prod-4.0.0.1705/static/js/async/7987.7e86d784.js",0,0,0
"aP","https://assets-e2e.observe.ai/prod-4.0.0.1705/static/js/async/7987.7e86d784.js",0,0,0
"iI","https://assets-e2e.observe.ai/prod-4.0.0.1705/static/js/async/7987.7e86d784.js",0,0,1
"J","https://js-agent.newrelic.com/nr-spa-1.292.0.min.js",0,0,0
"Y","https://js-agent.newrelic.com/nr-spa-1.292.0.min.js",0,0,0
"v.checkFinish","https://js-agent.newrelic.com/nr-spa-1.292.0.min.js",0,0,0
"v._resetFinishCheck","https://js-agent.newrelic.com/nr-spa-1.292.0.min.js",0,0,0
"get","https://assets-e2e.observe.ai/prod-4.0.0.1705/newRelic-v1.js",0,0,1
"now","",0,0,1
"t","https://assets-e2e.observe.ai/prod-4.0.0.1705/newRelic-v1.js",0,0,3
"b","https://assets-e2e.observe.ai/prod-4.0.0.1705/newRelic-v1.js",0,0,1
"t.on.getCtx.r.getCtx","https://assets-e2e.observe.ai/prod-4.0.0.1705/newRelic-v1.js",0,0,0
"X","https://assets-e2e.observe.ai/prod-4.0.0.1705/static/js/async/5378.ab068b3c.js",0,0,0
"z","https://assets-e2e.observe.ai/prod-4.0.0.1705/static/js/async/5378.ab068b3c.js",0,0,0
"t.validate","https://assets-e2e.observe.ai/prod-4.0.0.1705/static/js/async/2050.017ad17f.js",0,0,0
"required","https://assets-e2e.observe.ai/prod-4.0.0.1705/static/js/async/2050.017ad17f.js",0,0,0
"onFinish","https://assets-e2e.observe.ai/prod-4.0.0.1705/static/js/async/5378.ab068b3c.js",0,0,0
"s","https://assets-e2e.observe.ai/prod-4.0.0.1705/static/js/9481.835e685f.js",0,0,0
"w.setState","https://assets-e2e.observe.ai/prod-4.0.0.1705/static/js/async/1512.6f18a1ed.js",0,0,0
"enqueueSetState","https://assets-e2e.observe.ai/prod-4.0.0.1705/static/js/async/7987.7e86d784.js",0,0,0
"post","https://assets-e2e.observe.ai/prod-4.0.0.1705/static/js/async/4094.ef965dbb.js",0,0,0
"i.then","https://assets-e2e.observe.ai/prod-4.0.0.1705/static/js/async/5247.a159818d.js",0,0,0
"b.end","https://assets-e2e.observe.ai/prod-4.0.0.1705/static/js/async/5247.a159818d.js",0,0,0
"b._end","https://assets-e2e.observe.ai/prod-4.0.0.1705/static/js/async/5247.a159818d.js",0,0,0
"send","",0,0,1
"tt","https://assets-e2e.observe.ai/prod-4.0.0.1705/static/js/async/LoginSignIn.4dac86ea.js",0,0,1
"r.reset","https://assets-e2e.observe.ai/prod-4.0.0.1705/static/js/async/LoginSignIn.4dac86ea.js",0,0,0
"XC.dispose","https://www.gstatic.com/recaptcha/releases/44LqIOwVrGhp2lJ3fODa493O/recaptcha__en.js",0,0,0
"O7.o","https://www.gstatic.com/recaptcha/releases/44LqIOwVrGhp2lJ3fODa493O/recaptcha__en.js",0,0,0
"removeChild","",0,0,2
"j_","https://www.gstatic.com/recaptcha/releases/44LqIOwVrGhp2lJ3fODa493O/recaptcha__en.js",0,0,0
"aY","https://www.gstatic.com/recaptcha/releases/44LqIOwVrGhp2lJ3fODa493O/recaptcha__en.js",0,0,0
"ZO","https://www.gstatic.com/recaptcha/releases/44LqIOwVrGhp2lJ3fODa493O/recaptcha__en.js",0,0,0
"u6","https://www.gstatic.com/recaptcha/releases/44LqIOwVrGhp2lJ3fODa493O/recaptcha__en.js",0,0,0
"j_.render","https://www.gstatic.com/recaptcha/releases/44LqIOwVrGhp2lJ3fODa493O/recaptcha__en.js",0,0,0
"camelizeKeys","https://assets-e2e.observe.ai/prod-4.0.0.1705/static/js/async/3374.a6b5c682.js",0,0,0
"eD","https://assets-e2e.observe.ai/prod-4.0.0.1705/static/js/async/4836.a1b0f96e.js",0,0,0
"useMemo","https://assets-e2e.observe.ai/prod-4.0.0.1705/static/js/async/7987.7e86d784.js",0,0,0
"y","https://assets-e2e.observe.ai/prod-4.0.0.1705/static/js/async/4836.a1b0f96e.js",0,0,1
"j","https://assets-e2e.observe.ai/prod-4.0.0.1705/static/js/async/3374.a6b5c682.js",0,0,0
"tw","https://assets-e2e.observe.ai/prod-4.0.0.1705/static/js/async/3374.a6b5c682.js",0,0,0
"tk","https://assets-e2e.observe.ai/prod-4.0.0.1705/static/js/async/3374.a6b5c682.js",0,0,0
"tg","https://assets-e2e.observe.ai/prod-4.0.0.1705/static/js/async/3374.a6b5c682.js",0,0,0
"useToken","https://assets-e2e.observe.ai/prod-4.0.0.1705/static/js/async/4836.a1b0f96e.js",0,0,0
"ih","https://assets-e2e.observe.ai/prod-4.0.0.1705/static/js/async/7987.7e86d784.js",0,0,1
"ry","https://assets-e2e.observe.ai/prod-4.0.0.1705/static/js/async/4836.a1b0f96e.js",0,0,0
"lO","https://assets-e2e.observe.ai/prod-4.0.0.1705/static/js/async/7987.7e86d784.js",0,0,0
"iU","https://assets-e2e.observe.ai/prod-4.0.0.1705/static/js/async/7987.7e86d784.js",0,0,0
"iV","https://assets-e2e.observe.ai/prod-4.0.0.1705/static/js/async/7987.7e86d784.js",0,0,0
"value","https://assets-e2e.observe.ai/prod-4.0.0.1705/static/js/async/5378.ab068b3c.js",0,0,0
"aB","https://assets-e2e.observe.ai/prod-4.0.0.1705/static/js/async/7987.7e86d784.js",0,0,0
"aj","https://assets-e2e.observe.ai/prod-4.0.0.1705/static/js/async/7987.7e86d784.js",0,0,0
"i4","https://assets-e2e.observe.ai/prod-4.0.0.1705/static/js/async/7987.7e86d784.js",0,0,0
"i1","https://assets-e2e.observe.ai/prod-4.0.0.1705/static/js/async/7987.7e86d784.js",0,0,0
"unsubscribe","https://assets-e2e.observe.ai/prod-4.0.0.1705/static/js/async/4836.a1b0f96e.js",0,0,0
"unregister","https://assets-e2e.observe.ai/prod-4.0.0.1705/static/js/async/4836.a1b0f96e.js",0,0,1
"i0","https://assets-e2e.observe.ai/prod-4.0.0.1705/static/js/async/7987.7e86d784.js",0,0,0
"x","https://assets-e2e.observe.ai/prod-4.0.0.1705/static/js/async/4836.a1b0f96e.js",0,0,0
"nU.labelRequiredMarkColor","https://assets-e2e.observe.ai/prod-4.0.0.1705/static/js/async/4836.a1b0f96e.js",0,0,0
"eR","https://assets-e2e.observe.ai/prod-4.0.0.1705/static/js/async/4836.a1b0f96e.js",0,0,0
"T","https://assets-e2e.observe.ai/prod-4.0.0.1705/static/js/async/7742.33112bd3.js",0,0,1
"D","https://assets-e2e.observe.ai/prod-4.0.0.1705/static/js/async/7742.33112bd3.js",0,0,0
"w.forceUpdate","https://assets-e2e.observe.ai/prod-4.0.0.1705/static/js/async/1512.6f18a1ed.js",0,0,0
"enqueueForceUpdate","https://assets-e2e.observe.ai/prod-4.0.0.1705/static/js/async/7987.7e86d784.js",0,0,0
"onMetaChange","https://assets-e2e.observe.ai/prod-4.0.0.1705/static/js/async/4836.a1b0f96e.js",0,0,0
"iv","https://assets-e2e.observe.ai/prod-4.0.0.1705/static/js/async/7987.7e86d784.js",0,0,0
"V.U","https://www.gstatic.com/recaptcha/releases/44LqIOwVrGhp2lJ3fODa493O/recaptcha__en.js",0,0,0
"M.o","https://www.gstatic.com/recaptcha/releases/44LqIOwVrGhp2lJ3fODa493O/recaptcha__en.js",0,0,0
"pi.done.o","https://www.gstatic.com/recaptcha/releases/44LqIOwVrGhp2lJ3fODa493O/recaptcha__en.js",0,0,0
"I.qr","https://www.gstatic.com/recaptcha/releases/44LqIOwVrGhp2lJ3fODa493O/recaptcha__en.js",0,0,0
"I.jx","https://www.gstatic.com/recaptcha/releases/44LqIOwVrGhp2lJ3fODa493O/recaptcha__en.js",0,0,0
"w_","https://www.gstatic.com/recaptcha/releases/44LqIOwVrGhp2lJ3fODa493O/recaptcha__en.js",0,0,0
"ki.PL","https://www.gstatic.com/recaptcha/releases/44LqIOwVrGhp2lJ3fODa493O/recaptcha__en.js",0,0,0
"sG.FX","https://www.gstatic.com/recaptcha/releases/44LqIOwVrGhp2lJ3fODa493O/recaptcha__en.js",0,0,0
"ki.i","https://www.gstatic.com/recaptcha/releases/44LqIOwVrGhp2lJ3fODa493O/recaptcha__en.js",0,0,1
"I.Lx","https://www.gstatic.com/recaptcha/releases/44LqIOwVrGhp2lJ3fODa493O/recaptcha__en.js",0,0,0
"t.render","https://assets-e2e.observe.ai/prod-4.0.0.1705/static/js/async/7987.7e86d784.js",0,0,0
"aN","https://assets-e2e.observe.ai/prod-4.0.0.1705/static/js/async/7987.7e86d784.js",0,0,0
"e.onreadystatechange","https://assets-e2e.observe.ai/prod-4.0.0.1705/static/js/async/5247.a159818d.js",0,0,1
"a.emit","https://assets-e2e.observe.ai/prod-4.0.0.1705/static/js/async/3374.a6b5c682.js",0,0,0
"(garbage collector)","",0,0,9
"es","https://assets-e2e.observe.ai/prod-4.0.0.1705/static/js/async/4836.a1b0f96e.js",0,0,0
"t.useRef","https://assets-e2e.observe.ai/prod-4.0.0.1705/static/js/async/1512.6f18a1ed.js",0,0,0
"ir","https://assets-e2e.observe.ai/prod-4.0.0.1705/static/js/async/7987.7e86d784.js",0,0,0
"l6","https://assets-e2e.observe.ai/prod-4.0.0.1705/static/js/async/7987.7e86d784.js",0,0,1